
BSSID, First time seen, Last time seen, channel, Speed, Privacy, Cipher, Authentication, Power, # beacons, # IV, LAN IP, ID-length, ESSID, Key
E8:74:E6:CB:66:BB, 2018-02-24 09:55:28, 2018-02-24 10:03:08,  1,  54, WPA2WPA , CCMP TKIP,PSK, -87,     2871,      272,   0.  0.  0.  0,  12, TIM-13993397, 

Station MAC, First time seen, Last time seen, Power, # packets, BSSID, Probed ESSIDs
08:95:2A:67:4C:BF, 2018-02-24 09:55:43, 2018-02-24 10:02:48, -76,     7819, E8:74:E6:CB:66:BB, TIM-13993397
30:8D:99:65:54:64, 2018-02-24 09:56:10, 2018-02-24 10:02:45, -72,       12, E8:74:E6:CB:66:BB,

