<?xml version="1.0" encoding="UTF-8"?>
<deploy
 date="2016.10.14.14:18:08"
 outputDirectory="O:/Terasic_svn_Taiwan/tmax10/trunk/cd/Demonstrations/Dual_boot/GSensor/dual_boot/">
 <perimeter>
  <parameter
     name="AUTO_GENERATION_ID"
     type="Integer"
     defaultValue="0"
     onHdl="0"
     affectsHdl="1" />
  <parameter
     name="AUTO_UNIQUE_ID"
     type="String"
     defaultValue=""
     onHdl="0"
     affectsHdl="1" />
  <parameter
     name="AUTO_DEVICE_FAMILY"
     type="String"
     defaultValue="MAX 10"
     onHdl="0"
     affectsHdl="1" />
  <parameter
     name="AUTO_DEVICE"
     type="String"
     defaultValue="10M50DAF484C7G"
     onHdl="0"
     affectsHdl="1" />
  <parameter
     name="AUTO_DEVICE_SPEEDGRADE"
     type="String"
     defaultValue="7"
     onHdl="0"
     affectsHdl="1" />
  <parameter
     name="AUTO_CLK_CLOCK_RATE"
     type="Long"
     defaultValue="-1"
     onHdl="0"
     affectsHdl="1" />
  <parameter
     name="AUTO_CLK_CLOCK_DOMAIN"
     type="Integer"
     defaultValue="-1"
     onHdl="0"
     affectsHdl="1" />
  <parameter
     name="AUTO_CLK_RESET_DOMAIN"
     type="Integer"
     defaultValue="-1"
     onHdl="0"
     affectsHdl="1" />
  <interface name="clk" kind="clock" start="0">
   <property name="clockRate" value="50000000" />
   <property name="externallyDriven" value="false" />
   <property name="ptfSchematicName" value="" />
   <port name="clk_clk" direction="input" role="clk" width="1" />
  </interface>
  <interface name="reset" kind="reset" start="0">
   <property name="associatedClock" value="" />
   <property name="synchronousEdges" value="NONE" />
   <port name="reset_reset_n" direction="input" role="reset_n" width="1" />
  </interface>
 </perimeter>
 <entity
   path=""
   parameterizationKey="dual_boot:1.0:AUTO_CLK_CLOCK_DOMAIN=-1,AUTO_CLK_CLOCK_RATE=-1,AUTO_CLK_RESET_DOMAIN=-1,AUTO_DEVICE=10M50DAF484C7G,AUTO_DEVICE_FAMILY=MAX 10,AUTO_DEVICE_SPEEDGRADE=7,AUTO_GENERATION_ID=1476425887,AUTO_UNIQUE_ID=(clock_source:16.0:clockFrequency=50000000,clockFrequencyKnown=true,inputClockFrequency=0,resetSynchronousEdges=NONE)(altera_dual_boot:16.0:CLOCK_FREQUENCY=50.0,CONFIG_CYCLE=18,INTENDED_DEVICE_FAMILY=MAX 10,RESET_TIMER_CYCLE=26)(clock:16.0:)(reset:16.0:)"
   instancePathKey="dual_boot"
   kind="dual_boot"
   version="1.0"
   name="dual_boot">
  <parameter name="AUTO_CLK_CLOCK_RATE" value="-1" />
  <parameter name="AUTO_GENERATION_ID" value="1476425887" />
  <parameter name="AUTO_DEVICE" value="10M50DAF484C7G" />
  <parameter name="AUTO_DEVICE_FAMILY" value="MAX 10" />
  <parameter name="AUTO_CLK_RESET_DOMAIN" value="-1" />
  <parameter name="AUTO_CLK_CLOCK_DOMAIN" value="-1" />
  <parameter name="AUTO_UNIQUE_ID" value="" />
  <parameter name="AUTO_DEVICE_SPEEDGRADE" value="7" />
  <generatedFiles>
   <file
       path="O:/Terasic_svn_Taiwan/tmax10/trunk/cd/Demonstrations/Dual_boot/GSensor/dual_boot/synthesis/dual_boot.v"
       type="VERILOG" />
  </generatedFiles>
  <childGeneratedFiles>
   <file
       path="O:/Terasic_svn_Taiwan/tmax10/trunk/cd/Demonstrations/Dual_boot/GSensor/dual_boot/synthesis/submodules/altera_dual_boot.v"
       type="VERILOG"
       attributes="" />
   <file
       path="O:/Terasic_svn_Taiwan/tmax10/trunk/cd/Demonstrations/Dual_boot/GSensor/dual_boot/synthesis/submodules/rtl/alt_dual_boot_avmm.v"
       type="VERILOG"
       attributes="" />
   <file
       path="O:/Terasic_svn_Taiwan/tmax10/trunk/cd/Demonstrations/Dual_boot/GSensor/dual_boot/synthesis/submodules/rtl/alt_dual_boot.v"
       type="VERILOG"
       attributes="" />
   <file
       path="O:/Terasic_svn_Taiwan/tmax10/trunk/cd/Demonstrations/Dual_boot/GSensor/dual_boot/synthesis/submodules/altera_reset_controller.v"
       type="VERILOG"
       attributes="" />
   <file
       path="O:/Terasic_svn_Taiwan/tmax10/trunk/cd/Demonstrations/Dual_boot/GSensor/dual_boot/synthesis/submodules/altera_reset_synchronizer.v"
       type="VERILOG"
       attributes="" />
   <file
       path="O:/Terasic_svn_Taiwan/tmax10/trunk/cd/Demonstrations/Dual_boot/GSensor/dual_boot/synthesis/submodules/altera_reset_controller.sdc"
       type="SDC"
       attributes="" />
  </childGeneratedFiles>
  <sourceFiles>
   <file
       path="O:/Terasic_svn_Taiwan/tmax10/trunk/cd/Demonstrations/Dual_boot/GSensor/dual_boot.qsys" />
  </sourceFiles>
  <childSourceFiles>
   <file
       path="P:/altera/16.0/ip/altera/altera_dual_boot/altera_dual_boot/altera_dual_boot_hw.tcl" />
   <file
       path="P:/altera/16.0/ip/altera/merlin/altera_reset_controller/altera_reset_controller_hw.tcl" />
  </childSourceFiles>
  <messages>
   <message level="Debug" culprit="dual_boot">queue size: 0 starting:dual_boot "dual_boot"</message>
   <message level="Progress" culprit="min"></message>
   <message level="Progress" culprit="max"></message>
   <message level="Progress" culprit="current"></message>
   <message level="Debug">Transform: CustomInstructionTransform</message>
   <message level="Debug">No custom instruction connections, skipping transform </message>
   <message level="Debug" culprit="merlin_custom_instruction_transform"><![CDATA[After transform: <b>2</b> modules, <b>2</b> connections]]></message>
   <message level="Debug">Transform: MMTransform</message>
   <message level="Debug">Transform: InterruptMapperTransform</message>
   <message level="Debug">Transform: InterruptSyncTransform</message>
   <message level="Debug">Transform: InterruptFanoutTransform</message>
   <message level="Debug">Transform: AvalonStreamingTransform</message>
   <message level="Debug">Transform: ResetAdaptation</message>
   <message level="Progress" culprit="min"></message>
   <message level="Progress" culprit="max"></message>
   <message level="Progress" culprit="current"></message>
   <message level="Debug" culprit="reset_adaptation_transform"><![CDATA[After transform: <b>3</b> modules, <b>4</b> connections]]></message>
   <message level="Debug" culprit="dual_boot"><![CDATA["<b>dual_boot</b>" reuses <b>altera_dual_boot</b> "<b>submodules/altera_dual_boot</b>"]]></message>
   <message level="Debug" culprit="dual_boot"><![CDATA["<b>dual_boot</b>" reuses <b>altera_reset_controller</b> "<b>submodules/altera_reset_controller</b>"]]></message>
   <message level="Debug" culprit="dual_boot">queue size: 1 starting:altera_dual_boot "submodules/altera_dual_boot"</message>
   <message level="Info" culprit="dual_boot">generating top-level entity altera_dual_boot</message>
   <message level="Info" culprit="dual_boot"><![CDATA["<b>dual_boot</b>" instantiated <b>altera_dual_boot</b> "<b>dual_boot</b>"]]></message>
   <message level="Debug" culprit="dual_boot">queue size: 0 starting:altera_reset_controller "submodules/altera_reset_controller"</message>
   <message level="Info" culprit="rst_controller"><![CDATA["<b>dual_boot</b>" instantiated <b>altera_reset_controller</b> "<b>rst_controller</b>"]]></message>
  </messages>
 </entity>
 <entity
   path="submodules/"
   parameterizationKey="altera_dual_boot:16.0:CLOCK_FREQUENCY=50.0,CONFIG_CYCLE=18,INTENDED_DEVICE_FAMILY=MAX 10,RESET_TIMER_CYCLE=26"
   instancePathKey="dual_boot:.:dual_boot"
   kind="altera_dual_boot"
   version="16.0"
   name="altera_dual_boot">
  <parameter name="CLOCK_FREQUENCY" value="50.0" />
  <parameter name="CONFIG_CYCLE" value="18" />
  <parameter name="RESET_TIMER_CYCLE" value="26" />
  <parameter name="INTENDED_DEVICE_FAMILY" value="MAX 10" />
  <generatedFiles>
   <file
       path="O:/Terasic_svn_Taiwan/tmax10/trunk/cd/Demonstrations/Dual_boot/GSensor/dual_boot/synthesis/submodules/altera_dual_boot.v"
       type="VERILOG"
       attributes="" />
   <file
       path="O:/Terasic_svn_Taiwan/tmax10/trunk/cd/Demonstrations/Dual_boot/GSensor/dual_boot/synthesis/submodules/rtl/alt_dual_boot_avmm.v"
       type="VERILOG"
       attributes="" />
   <file
       path="O:/Terasic_svn_Taiwan/tmax10/trunk/cd/Demonstrations/Dual_boot/GSensor/dual_boot/synthesis/submodules/rtl/alt_dual_boot.v"
       type="VERILOG"
       attributes="" />
  </generatedFiles>
  <childGeneratedFiles/>
  <sourceFiles>
   <file
       path="P:/altera/16.0/ip/altera/altera_dual_boot/altera_dual_boot/altera_dual_boot_hw.tcl" />
  </sourceFiles>
  <childSourceFiles/>
  <instantiator instantiator="dual_boot" as="dual_boot" />
  <messages>
   <message level="Debug" culprit="dual_boot">queue size: 1 starting:altera_dual_boot "submodules/altera_dual_boot"</message>
   <message level="Info" culprit="dual_boot">generating top-level entity altera_dual_boot</message>
   <message level="Info" culprit="dual_boot"><![CDATA["<b>dual_boot</b>" instantiated <b>altera_dual_boot</b> "<b>dual_boot</b>"]]></message>
  </messages>
 </entity>
 <entity
   path="submodules/"
   parameterizationKey="altera_reset_controller:16.0:ADAPT_RESET_REQUEST=0,MIN_RST_ASSERTION_TIME=3,NUM_RESET_INPUTS=1,OUTPUT_RESET_SYNC_EDGES=deassert,RESET_REQUEST_PRESENT=0,RESET_REQ_EARLY_DSRT_TIME=1,RESET_REQ_WAIT_TIME=1,SYNC_DEPTH=2,USE_RESET_REQUEST_IN0=0,USE_RESET_REQUEST_IN1=0,USE_RESET_REQUEST_IN10=0,USE_RESET_REQUEST_IN11=0,USE_RESET_REQUEST_IN12=0,USE_RESET_REQUEST_IN13=0,USE_RESET_REQUEST_IN14=0,USE_RESET_REQUEST_IN15=0,USE_RESET_REQUEST_IN2=0,USE_RESET_REQUEST_IN3=0,USE_RESET_REQUEST_IN4=0,USE_RESET_REQUEST_IN5=0,USE_RESET_REQUEST_IN6=0,USE_RESET_REQUEST_IN7=0,USE_RESET_REQUEST_IN8=0,USE_RESET_REQUEST_IN9=0,USE_RESET_REQUEST_INPUT=0"
   instancePathKey="dual_boot:.:rst_controller"
   kind="altera_reset_controller"
   version="16.0"
   name="altera_reset_controller">
  <generatedFiles>
   <file
       path="O:/Terasic_svn_Taiwan/tmax10/trunk/cd/Demonstrations/Dual_boot/GSensor/dual_boot/synthesis/submodules/altera_reset_controller.v"
       type="VERILOG"
       attributes="" />
   <file
       path="O:/Terasic_svn_Taiwan/tmax10/trunk/cd/Demonstrations/Dual_boot/GSensor/dual_boot/synthesis/submodules/altera_reset_synchronizer.v"
       type="VERILOG"
       attributes="" />
   <file
       path="O:/Terasic_svn_Taiwan/tmax10/trunk/cd/Demonstrations/Dual_boot/GSensor/dual_boot/synthesis/submodules/altera_reset_controller.sdc"
       type="SDC"
       attributes="" />
  </generatedFiles>
  <childGeneratedFiles/>
  <sourceFiles>
   <file
       path="P:/altera/16.0/ip/altera/merlin/altera_reset_controller/altera_reset_controller_hw.tcl" />
  </sourceFiles>
  <childSourceFiles/>
  <instantiator instantiator="dual_boot" as="rst_controller" />
  <messages>
   <message level="Debug" culprit="dual_boot">queue size: 0 starting:altera_reset_controller "submodules/altera_reset_controller"</message>
   <message level="Info" culprit="rst_controller"><![CDATA["<b>dual_boot</b>" instantiated <b>altera_reset_controller</b> "<b>rst_controller</b>"]]></message>
  </messages>
 </entity>
</deploy>
